{
  "areas_ha": {
    "forest_2024": 587.744748713547,
    "forest_end_year": 587.744748713547,
    "forest_end_year_ha": 587.744748713547,
    "loss_2021_end_year": 20.67936513042152,
    "loss_total": 50.45071596904397,
    "loss_total_2001_2024": 50.45071596904397,
    "rfm": 638.1954646825909
  },
  "mask_true_pixels": {
    "forest_end_year": 14552,
    "loss_2021_end_year": 512,
    "rfm": 15801
  },
  "pixel_area_m2": {
    "max": 404.7012385427952,
    "mean": 403.8840812921156,
    "min": 403.59477749466896
  },
  "raster_shapes": [
    [
      1,
      1
    ],
    [
      511,
      1438
    ]
  ]
}
