{
  "areas_ha": {
    "forest_2024": 0.0,
    "forest_end_year": 0.0,
    "forest_end_year_ha": 0.0,
    "loss_2021_end_year": 0.0,
    "loss_total": 0.0,
    "loss_total_2001_2024": 0.0,
    "rfm": 0.0
  },
  "mask_true_pixels": {
    "forest_end_year": 0,
    "loss_2021_end_year": 0,
    "rfm": 0
  },
  "pixel_area_m2": {
    "max": 460.8358089482734,
    "mean": 460.8358089482734,
    "min": 460.8358089482734
  },
  "raster_shapes": [
    [
      38744,
      41218
    ],
    [
      34349,
      44946
    ]
  ]
}
