{
  "areas_ha": {
    "forest_2024": 10.63309306918092,
    "forest_end_year": 10.63309306918092,
    "forest_end_year_ha": 10.63309306918092,
    "loss_2021_end_year": 0.10961951617712284,
    "loss_total": 0.9865756455941057,
    "loss_total_2001_2024": 0.9865756455941057,
    "rfm": 11.619668714775026
  },
  "mask_true_pixels": {
    "forest_end_year": 194,
    "loss_2021_end_year": 2,
    "rfm": 212
  },
  "pixel_area_m2": {
    "max": 548.0975808856142,
    "mean": 548.0975808856143,
    "min": 548.0975808856142
  },
  "raster_shapes": [
    [
      1,
      1
    ],
    [
      366,
      1482
    ]
  ]
}
