{
  "areas_ha": {
    "forest_2024": 570.380490532133,
    "forest_end_year": 570.380490532133,
    "forest_end_year_ha": 570.380490532133,
    "loss_2021_end_year": 20.67936513042152,
    "loss_total": 50.28916938194036,
    "loss_total_2001_2024": 50.28916938194036,
    "rfm": 620.6696599140733
  },
  "mask_true_pixels": {
    "forest_end_year": 14122,
    "loss_2021_end_year": 512,
    "rfm": 15367
  },
  "pixel_area_m2": {
    "max": 404.7012385427952,
    "mean": 403.8840812921156,
    "min": 403.59477749466896
  },
  "raster_shapes": [
    [
      1,
      1
    ],
    [
      511,
      1438
    ]
  ]
}
