{
  "areas_ha": {
    "forest_2024": 416.06087365026985,
    "forest_end_year": 416.06087365026985,
    "forest_end_year_ha": 416.06087365026985,
    "loss_2021_end_year": 16.771785975099796,
    "loss_total": 89.66876423288652,
    "loss_total_2001_2024": 89.66876423288652,
    "rfm": 505.7296378831563
  },
  "mask_true_pixels": {
    "forest_end_year": 7591,
    "loss_2021_end_year": 306,
    "rfm": 9227
  },
  "pixel_area_m2": {
    "max": 548.0975808856142,
    "mean": 548.0975808856143,
    "min": 548.0975808856142
  },
  "raster_shapes": [
    [
      1,
      1
    ],
    [
      366,
      1482
    ]
  ]
}
